{
  "best_model": {
    "l2_regularization": 0.01,
    "learning_rate": 0.1,
    "max_iter": 180,
    "max_leaf_nodes": 45,
    "min_samples_leaf": 30
  },
  "best_model_validation_metrics": {
    "mae": 97732.12895143517,
    "r2": 0.979466979793542,
    "rmse": 179312.07814018842
  },
  "other_model": {
    "alpha": 0.1,
    "validation_metrics": {
      "mae": 159433.0583913005,
      "r2": 0.9543750886723541,
      "rmse": 267290.8815117378
    }
  },
  "random_state": 563,
  "split_strategy": "train <= 2006, validation = 2007, test = 2008 known nonzero rows"
}
